Bordón;2545;77;0;77;2545;2727
Albeta;1101;27;0;27;1101;1101
Loscos;2825;69;0;69;2825;2825
Talamantes;0;78;0;78;0;1468
Ejea de los Caballeros;57684;1016;0;1016;57684;87275
Valjunquera / Valljunquera;630;149;0;149;630;4303
Las Parras de Castellote;2449;65;0;65;2449;2449
Vistabella;1592;25;0;25;1592;1592
Monreal de Ariza;2478;204;0;204;2478;3064
Torre la Ribera;425;183;0;183;425;425
Lalueza;10554;207;0;207;10554;14954
Cañada Vellida;883;32;0;32;883;883
Fabara;3826;82;3635;82;7460;7460
San Martín del Río;382;130;0;130;382;3611
Laspaúles;1597;136;294;136;1892;1934
Ababuj;1412;25;0;25;1412;1412
Frías de Albarracín;0;124;0;124;0;1706
Cucalón;1932;31;0;31;1932;1932
El Cuervo;1958;47;0;47;1958;2329
Escucha;6882;165;469;165;7351;10088
Lumpiaque;10144;107;0;107;10144;10144
Castillazuelo;1019;79;0;79;1019;1948
Puértolas;2106;321;0;321;2106;2320
Colungo;1259;154;0;154;1259;1361
Allepuz;647;359;0;359;647;2566
Pina de Ebro;3434;731;0;731;3434;14776
Linares de Mora;2713;128;0;128;2713;4367
Jarque de Moncayo;3978;44;0;44;3978;3978
Valtorres;639;47;0;47;639;2307
Ateca;1295;341;0;341;1295;8733
Orihuela del Tremedal;2016;210;0;210;2016;10752
Nuez de Ebro;2657;68;161;68;2817;9828
Peralta de Alcofea;7921;105;0;105;7921;8351
Bárboles;1464;210;0;210;1464;3443
Valdelinares;1283;211;0;211;1283;2241
Martín del Río;2739;100;0;100;2739;3797
Moyuela;3847;53;219;53;4066;4348
Belver de Cinca;1791;143;91;143;1882;7090
Estercuel;2745;65;0;65;2745;2745
Villanova;291;63;0;63;291;926
Cabolafuente;4597;85;0;85;4597;4597
Santa María de Dulcis;1557;69;0;69;1557;1557
Senés de Alcubierre;0;489;0;489;0;1093
Cosuenda;40;1428;0;1428;40;4853
Torrevelilla;2900;64;0;64;2900;2900
La Almunia de Doña Godina;2991;1136;0;1136;2991;24216
Bardallur;869;94;0;94;869;1993
Torralbilla;1346;28;0;28;1346;1346
Villarreal de Huerva;2856;104;0;104;2856;2856
Munébrega;4072;89;0;89;4072;4072
Valle de Bardají;1429;61;0;61;1429;1429
La Muela;16478;1505;1561;1505;18039;51794
Cadrete;4382;383;128;383;4511;39515
Albarracín;637;2886;202;2886;839;9747
Toril y Masegoso;0;26;0;26;0;808
Maluenda;1336;132;46;132;1382;5674
Cabra de Mora;486;453;0;453;486;1183
Benabarre;2797;607;0;607;2797;9874
Villafranca de Ebro;5455;169;0;169;5455;5455
Rubielos de Mora;3594;675;0;675;3594;8637
Puendeluna;247;12;0;12;247;247
Longás;100;26;0;26;100;701
Villafeliche;1983;61;0;61;1983;1983
Almudévar;3348;1601;0;1601;3348;25566
Calmarza;120;103;0;103;120;1313
Sisamón;3639;106;0;106;3639;3639
Farlete;166;216;0;216;166;5612
Tramacastiel;1536;46;0;46;1536;1536
Villadoz;0;111;0;111;0;1556
Fuendejalón;5173;126;0;126;5173;6538
Luesma;908;53;0;53;908;908
Azara;1352;37;0;37;1352;1352
Herrera de los Navarros;4234;116;106;116;4340;4340
Mediana de Aragón;4842;188;0;188;4842;4842
Graus;4451;1369;2028;1369;6478;13947
Alquézar;2863;393;0;393;2863;4474
Obón;1489;87;0;87;1489;2798
Salillas;0;122;0;122;0;1510
Segura de los Baños;2188;45;0;45;2188;2188
Palo;602;31;0;31;602;602
Esplús;1442;87;79;87;1521;4898
Hinojosa de Jarque;3532;93;0;93;3532;3532
Monroyo / Montroig;1212;171;0;171;1212;3765
Mainar;1705;76;0;76;1705;2113
Bailo;2110;447;23;447;2133;5176
Alfamén;12327;152;0;152;12327;12327
Pitarque;1280;29;0;29;1280;1280
Tornos;5028;241;0;241;5028;5028
El Pueyo de Araguás;90;312;0;312;90;366
Aísa;3929;349;0;349;3929;4599
Pastriz;2505;123;20;123;2525;7120
Ibdes;8047;449;0;449;8047;8047
Fuentes de Ebro;4677;485;53;485;4730;23052
Villanúa;3430;429;496;429;3927;12955
Banastás;0;446;0;446;0;3674
Grisel;43;42;0;42;43;832
Ontiñena;3100;102;0;102;3100;4809
Caldearenas;360;484;0;484;360;3747
Lascellas-Ponzano;1865;135;0;135;1865;2832
Noguera de Albarracín;2910;28;0;28;2910;2910
Castejón de Alarba;1658;57;0;57;1658;1658
Loscorrales;46;251;0;251;46;1240
Albalate de Cinca;4736;374;270;374;5006;8376
Bureta;3488;57;0;57;3488;3488
Fonfría;1034;28;0;28;1034;1034
Valmadrid;939;83;0;83;939;1799
Hoz de Jaca;211;377;0;377;211;3117
Berrueco;1357;43;0;43;1357;1357
Alacón;1095;38;0;38;1095;1472
Orrios;1004;34;0;34;1004;2198
Blesa;450;94;0;94;450;3739
Yebra de Basa;128;553;0;553;128;1681
Castiliscar;1036;94;0;94;1036;4319
Sestrica;2314;117;0;117;2314;3149
Torremocha de Jiloca;2516;69;0;69;2516;2819
Novallas;6431;39;0;39;6431;6431
Cerveruela;28;23;0;23;28;661
Uncastillo;4003;138;0;138;4003;6138
Torres de Berrellén;2429;218;0;218;2429;7911
Torla-Ordesa;2103;1352;0;1352;2103;3944
Visiedo;3151;34;0;34;3151;3151
Pozondón;919;70;0;70;919;1324
Albero Alto;258;150;0;150;258;2166
Benasque;7008;1573;0;1573;7008;10961
Langa del Castillo;2303;48;0;48;2303;2303
Luna;1420;246;0;246;1420;7811
Jatiel;1079;14;0;14;1079;1079
Santa Cruz de Grío;992;13;0;13;992;992
Bordalba;2628;77;0;77;2628;2628
Alloza;4204;112;380;112;4584;10277
Adahuesca;285;90;0;90;285;1311
Sopeira;2763;164;0;164;2763;2763
Grañén;6513;855;0;855;6513;16954
Seira;407;229;0;229;407;852
Marracos;1059;22;0;22;1059;1059
Romanos;1969;97;0;97;1969;1969
Torralba de Aragón;939;309;0;309;939;1693
Sesa;98;217;0;217;98;2239
Quinto;876;256;0;256;876;8354
Santa Cruz de la Serós;1803;199;0;199;1803;2644
Las Cuerlas;1417;59;0;59;1417;1417
Torralba de Ribota;201;61;0;61;201;2516
Singra;2194;176;0;176;2194;2494
Estopiñán del Castillo;932;122;0;122;932;932
Cinco Olivas;132;45;0;45;132;2183
Jaca;12880;8690;1058;8690;13938;82334
Híjar;1861;409;0;409;1861;10775
Odón;2710;66;0;66;2710;2710
Gotor;2134;31;281;31;2415;2415
Rillo;1958;46;0;46;1958;1958
Pozuel de Ariza;1412;65;0;65;1412;1412
La Cuba;579;28;0;28;579;1923
Almonacid de la Sierra;7011;170;0;170;7011;8642
Utebo;6335;937;0;937;6335;34750
Tella-Sin;1780;325;0;325;1780;1780
Sediles;203;78;703;78;906;906
Paniza;3899;129;0;129;3899;3899
Mallén;10698;322;6959;322;17656;17743
Mirambel;1477;86;0;86;1477;1477
Alborge;1187;37;102;37;1289;2071
Ambel;4623;76;0;76;4623;4623
Igriés;813;1170;0;1170;813;4150
Guadalaviar;2268;469;0;469;2268;4577
Gurrea de Gállego;1738;443;150;443;1887;15574
Artieda;652;93;0;93;652;1126
Los Fayos;2321;43;0;43;2321;2321
Olba;4319;1415;0;1415;4319;6663
Fraga;5635;3187;7;3187;5642;51869
Villar de los Navarros;1985;50;0;50;1985;1985
Muel;14414;455;0;455;14414;19889
Castejón de Valdejasa;3700;80;0;80;3700;3700
Tardienta;7040;903;0;903;7040;7360
Bisaurri;2026;178;0;178;2026;2128
Osso de Cinca;809;64;0;64;809;4398
Maicas;671;16;0;16;671;671
Encinacorba;3017;40;0;40;3017;3017
Urrea de Jalón;1067;63;0;63;1067;1067
Trasmoz;2351;43;0;43;2351;2553
Villalba de Perejil;1402;45;0;45;1402;1402
Sigüés;2186;360;108;360;2295;2295
Plenas;2812;26;0;26;2812;2812
Caminreal;9077;207;0;207;9077;9259
Isábena;1370;705;0;705;1370;4154
Jaulín;1391;104;153;104;1544;3669
Nigüella;1548;50;0;50;1548;1548
Tolva;1598;78;0;78;1598;2206
Alpeñés;601;15;0;15;601;601
Monterde de Albarracín;860;21;0;21;860;2068
Valdeltormo / La Vall del Tormo;157;83;0;83;157;4556
Cariñena;16671;388;271;388;16942;23641
Candasnos;656;337;0;337;656;6604
Torrecilla de Alcañiz;4515;79;0;79;4515;4515
Peralta de Calasanz;2658;218;391;218;3049;4675
Calomarde;1045;345;0;345;1045;1943
Biota;7522;124;0;124;7522;7522
Alcalá de Gurrea;0;590;0;590;0;4567
Bujaraloz;2332;257;0;257;2332;8430
Camarena de la Sierra;2444;239;264;239;2708;3909
Canal de Berdún;2481;299;0;299;2481;4607
Baells;1044;66;0;66;1044;1412
Sahún;1688;409;0;409;1688;3031
Torrelacárcel;5816;128;0;128;5816;6608
Santa Cruz de Moncayo;1687;18;0;18;1687;1687
Cetina;6509;306;0;306;6509;13732
Peñalba;2575;317;298;317;2873;5159
Monflorite-Lascasas;0;1664;0;1664;0;3890
Belmonte de San José;311;11;0;11;311;311
Azuara;5953;143;0;143;5953;6483
Paracuellos de la Ribera;429;26;0;26;429;429
Morés;2377;79;0;79;2377;2377
Belchite;1810;440;98;440;1907;12214
Anadón;689;29;0;29;689;689
Monegrillo;780;192;31;192;811;5361
Plou;779;21;0;21;779;779
Alhama de Aragón;72;278;0;278;72;4445
Castelserás;7533;121;0;121;7533;7533
Lagueruela;1938;31;0;31;1938;1938
Panticosa;3769;1913;249;1913;4018;11761
Agüero;1803;147;0;147;1803;3715
Tramaced;0;124;0;124;0;1535
Argente;5114;137;0;137;5114;6162
Bañón;224;98;0;98;224;3010
Blancas;1507;77;0;77;1507;3343
Asín;1618;19;0;19;1618;1618
Lascuarre;2789;83;0;83;2789;4127
La Hoz de la Vieja;2388;32;0;32;2388;2388
Peralejos;1238;52;0;52;1238;2034
Sabiñánigo;13323;9390;3157;9390;16480;52402
Gistaín;2385;256;0;256;2385;3105
Mozota;1692;51;0;51;1692;2913
Vencillón;3879;57;0;57;3879;3879
Villar del Salz;217;32;0;32;217;217
Celadas;4246;51;0;51;4246;4246
Cimballa;2510;83;0;83;2510;2510
Jaraba;1082;122;0;122;1082;2569
Velilla de Jiloca;988;29;0;29;988;1039
Morata de Jalón;5569;194;0;194;5569;5569
Remolinos;3427;160;0;160;3427;6750
Alcolea de Cinca;1420;122;602;122;2022;7139
Calaceite / Calaceit;547;186;0;186;547;2838
Bronchales;610;225;0;225;610;11246
Letux;7023;58;0;58;7023;7173
Leciñena;10923;450;0;450;10923;10923
Manzanera;8936;461;188;461;9124;11078
Monzón;10859;1199;861;1199;11720;54053
Manchones;0;60;0;60;0;1041
Alcalá de Ebro;1185;130;0;130;1185;3717
Ráfales / Ràfels;681;84;45;84;727;2468
La Puebla de Valverde;1357;597;0;597;1357;5562
Villanueva de Huerva;5106;88;0;88;5106;5106
Camarillas;1734;134;0;134;1734;3671
Cretas / Queretes;1565;165;3315;165;4880;4880
Bezas;1231;135;0;135;1231;1231
Salas Bajas;3254;36;0;36;3254;3254
Torres de Barbués;2924;93;0;93;2924;3883
Castejón de Monegros;2164;177;0;177;2164;5731
Ródenas;1726;47;0;47;1726;2005
Villanueva de Jiloca;276;52;0;52;276;1396
Campillo de Aragón;1666;58;0;58;1666;1666
Altorricón;882;173;0;173;882;8773
Los Pintanos;2596;96;0;96;2596;2596
Embid de Ariza;211;39;0;39;211;211
Samper del Salz;1012;13;0;13;1012;1012
Santa Eulalia;3430;586;0;586;3430;13721
Aguilar del Alfambra;3178;44;0;44;3178;3178
Torralba de los Frailes;2607;75;0;75;2607;2607
Vera de Moncayo;2122;172;0;172;2122;2585
Torrijo del Campo;5669;95;0;95;5669;5669
Fuentes de Jiloca;3821;104;694;104;4515;4515
Monreal del Campo;5530;410;151;410;5681;22831
Quicena;0;1119;0;1119;0;1552
Litago;3375;52;0;52;3375;3375
Atea;3483;98;0;98;3483;3483
Ricla;9624;686;934;686;10559;18115
Alarba;1575;75;0;75;1575;1998
Bonansa;277;145;0;145;277;963
Valdealgorfa;4613;154;0;154;4613;4613
Calatayud;17958;2107;3893;2107;21851;50852
Valpalmas;42;85;0;85;42;1470
Estada;340;187;0;187;340;1736
La Cerollera;0;42;0;42;0;238
Las Pedrosas;245;38;0;38;245;2406
Monterde;3082;123;90;123;3173;3465
La Codoñera;4119;66;0;66;4119;4119
Tauste;19480;798;204;798;19684;40809
Pradilla de Ebro;4913;79;0;79;4913;5339
La Cañada de Verich;512;17;0;17;512;512
Tronchón;303;86;1596;86;1900;1900
Bierge;1135;1654;0;1654;1135;3677
Calanda;2950;468;0;468;2950;26270
Bulbuente;2178;63;0;63;2178;3587
Mequinenza;7238;691;345;691;7583;15985
Crivillén;274;48;0;48;274;274
Fuentes Claras;683;107;0;107;683;5692
Viacamp y Litera;156;223;143;223;299;299
Val de San Martín;570;46;0;46;570;1301
Nuévalos;673;428;544;428;1217;1217
El Buste;1255;30;0;30;1255;1255
Villanueva del Rebollar de la Sierra;1504;17;0;17;1504;1504
Codo;1752;26;0;26;1752;2258
Mora de Rubielos;4189;1470;0;1470;4189;9146
Malón;3845;38;0;38;3845;3845
Santa Cilia;747;196;0;196;747;3151
Grisén;1702;134;0;134;1702;4210
Mas de las Matas;4368;182;0;182;4368;10823
Sádaba;5429;259;0;259;5429;11992
Orés;819;24;0;24;819;1381
Torres de Albarracín;2342;47;0;47;2342;2342
Torre de Arcas / Torredarques;0;53;0;53;0;1299
La Fresneda / La Freixneda;3484;121;0;121;3484;3984
Montanuy;1624;763;0;763;1624;1866
Layana;2626;27;0;27;2626;2626
Peñarroya de Tastavíns / Pena-roja de Tastavins;313;124;74;124;387;2970
Torres de Alcanadre;2514;36;0;36;2514;2775
Castigaleu;296;45;0;45;296;645
Salcedillo;1062;26;0;26;1062;1062
Ariño;2839;258;105;258;2944;7071
Berdejo;0;30;1392;30;1392;1392
Isuerre;583;75;0;75;583;1308
Peracense;840;63;0;63;840;1619
Santa Eulalia de Gállego;89;63;81;63;170;1319
Tormón;57;241;0;241;57;1188
Velilla de Ebro;1433;42;0;42;1433;1850
Erla;4008;66;0;66;4008;4008
Jabaloyas;2936;56;0;56;2936;3462
Alberite de San Juan;1039;38;0;38;1039;1039
Santaliestra y San Quílez;1607;46;0;46;1607;2059
Berge;3646;65;0;65;3646;3646
Borja;10071;397;0;397;10071;22511
Estadilla;694;673;15;673;709;8815
Fuentes de Rubielos;2820;195;0;195;2820;4102
Villarroya del Campo;1836;44;0;44;1836;1836
Fuendetodos;101;116;1187;116;1288;3067
Zuera;10398;981;0;981;10398;50073
La Sotonera;5081;2402;0;2402;5081;11890
Alcañiz;28025;1071;0;1071;28025;50512
Nombrevilla;1225;162;0;162;1225;1225
Cubel;3659;90;0;90;3659;3659
Mezquita de Jarque;1539;38;0;38;1539;1539
Undués de Lerda;1002;162;0;162;1002;1319
Binaced;1360;166;434;166;1794;9760
Utrillas;2968;281;724;281;3692;15792
Torrijas;702;60;378;60;1080;2759
Lanaja;7202;325;0;325;7202;14201
Cosa;2157;39;0;39;2157;2157
Orera;1250;77;0;77;1250;1250
Albalate del Arzobispo;2798;3670;0;3670;2798;8137
Anento;498;344;0;344;498;998
Cubla;746;154;0;154;746;2827
Terriente;3008;42;0;42;3008;3008
Urriés;557;89;1186;89;1743;1821
Arens de Lledó / Arenys de Lledó;0;63;0;63;0;1649
Torrehermosa;2153;72;0;72;2153;2153
Laperdiguera;438;33;0;33;438;2168
Fuenferrada;349;74;0;74;349;1351
Retascón;996;67;351;67;1348;1348
Gargallo;3457;74;0;74;3457;3457
Villanueva de Gállego;17224;1382;96;1382;17320;45955
El Frasno;4667;136;0;136;4667;4667
Teruel;56386;7364;3844;7364;60230;144604
Magallón;11106;304;0;304;11106;11808
Báguena;765;196;0;196;765;6392
Sástago;2739;194;3846;194;6586;7601
Pedrola;296;5601;79;5601;374;11726
Beceite / Beseit;0;2040;53;2040;53;6394
Oseja;1452;12;0;12;1452;1452
Peraltilla;1961;73;0;73;1961;1961
La Mata de los Olmos;761;93;0;93;761;2134
Bárcabo;1177;207;0;207;1177;1177
Pancrudo;4573;101;0;101;4573;4573
Albelda;701;234;0;234;701;3309
Alconchel de Ariza;2532;81;0;81;2532;2532
Arcos de las Salinas;3433;121;0;121;3433;3433
Zaidín;2999;231;0;231;2999;5951
Ojos Negros;4439;199;0;199;4439;5679
Lécera;1178;204;0;204;1178;8458
Fiscal;4129;682;339;682;4468;7187
Alcalá del Obispo;1409;725;0;725;1409;4719
Abejuela;431;69;0;69;431;1324
Mazaleón / Massalió;740;520;522;520;1262;6416
Morata de Jiloca;498;75;0;75;498;2187
La Joyosa;5602;111;0;111;5602;5840
Sallent de Gállego;4062;3650;2876;3650;6938;23061
Torrente de Cinca;1685;120;0;120;1685;4567
Pozuelo de Aragón;3882;79;0;79;3882;3882
Tosos;36;109;0;109;36;2034
Alerre;0;586;0;586;0;2440
Valfarta;1281;42;0;42;1281;1281
Sesué;1111;106;667;106;1779;2481
Fayón;6908;188;0;188;6908;6908
Aniñón;2610;67;0;67;2610;2610
Gelsa;5984;156;175;156;6159;7437
Chiprana;3984;136;0;136;3984;6609
Arándiga;2205;125;0;125;2205;2205
Cortes de Aragón;2950;83;0;83;2950;2950
Puente la Reina de Jaca;3183;166;0;166;3183;3183
Barbués;0;254;0;254;0;1046
El Frago;1615;17;0;17;1615;1615
Biescas;5649;7315;3786;7315;9435;25608
Sangarrén;27;539;0;539;27;2185
Bello;4016;123;0;123;4016;5271
Seno;1002;21;0;21;1002;1002
Almunia de San Juan;988;105;638;105;1626;7244
Veguillas de la Sierra;830;87;0;87;830;830
Sena;1741;192;0;192;1741;7873
Loarre;832;919;0;919;832;5489
Lituénigo;1323;33;0;33;1323;1323
Boltaña;2030;914;0;914;2030;7876
Gallocanta;408;184;0;184;408;3086
Bisimbre;976;22;0;22;976;976
Castelnou;1926;37;0;37;1926;1926
Épila;23023;522;0;522;23023;34731
Pertusa;1441;291;0;291;1441;2104
Rueda de Jalón;1495;130;0;130;1495;1495
Puebla de Albortón;1019;80;0;80;1019;3700
Vicién;382;205;0;205;382;1416
Aragüés del Puerto;1027;82;0;82;1027;1866
Almonacid de la Cuba;480;134;0;134;480;4813
Las Peñas de Riglos;1168;938;119;938;1286;5828
Gallur;3394;577;3979;577;7373;20657
Godojos;1633;235;0;235;1633;2617
Torrelapaja;558;38;0;38;558;558
Miravete de la Sierra;369;61;0;61;369;1480
Tierz;0;1624;0;1624;0;2438
Miedes de Aragón;5468;80;0;80;5468;5468
Campo;1161;146;0;146;1161;3987
Sierra de Luna;338;22;0;22;338;780
Fórnoles / Fórnols;1128;194;19;194;1147;1752
Fombuena;2200;32;0;32;2200;2200
Capella;2238;230;0;230;2238;3856
Santa Cruz de Nogueras;775;53;0;53;775;2137
Valle de Hecho;3665;560;0;560;3665;5759
Valbona;5242;136;0;136;5242;5442
Robres;5711;382;0;382;5711;5711
Fréscano;1034;98;0;98;1034;2738
Castel de Cabra;2754;65;0;65;2754;2754
San Juan de Plan;400;184;0;184;400;953
Plasencia de Jalón;1256;153;0;153;1256;2276
Cuarte de Huerva;5841;547;0;547;5841;54657
Maleján;548;6;0;6;548;548
Vinaceite;1381;332;0;332;1381;2321
Riodeva;998;38;977;38;1975;2735
Griegos;692;81;0;81;692;3133
Aguilón;2768;86;0;86;2768;2768
Pomer;292;58;0;58;292;2213
Corbalán;1085;188;0;188;1085;3732
Formiche Alto;443;434;0;434;443;443
Castejón de las Armas;1928;88;0;88;1928;1928
Perales del Alfambra;1770;198;0;198;1770;4334
Novillas;3888;103;0;103;3888;3888
Purujosa;58;59;0;59;58;958
Molinos;4114;124;0;124;4114;4114
Labuerda;1262;157;0;157;1262;1262
Nogueras;1293;37;0;37;1293;1293
Andorra;2457;845;0;845;2457;45517
Beranuy;526;184;0;184;526;526
Azlor;1516;22;0;22;1516;1516
Pleitas;2469;15;0;15;2469;2469
Biscarrués;0;426;0;426;0;2527
Borau;272;67;0;67;272;944
Balconchán;283;6;0;6;283;283
Gea de Albarracín;1754;252;311;252;2065;2065
El Vallecillo;0;30;0;30;0;1413
Alobras;1312;57;0;57;1312;1312
San Mateo de Gállego;9296;329;10466;329;19761;43457
Aliaga;1414;740;0;740;1414;7055
Laspuña;877;121;0;121;877;1118
Aguarón;4643;108;350;108;4992;4992
Brea de Aragón;4434;38;0;38;4434;4434
Yésero;70;418;0;418;70;1046
Huerto;554;109;0;109;554;554
Tabuenca;207;126;0;126;207;3796
Plan;924;291;0;291;924;3596
La Puebla de Híjar;2906;135;2966;135;5872;6194
Osera de Ebro;3891;72;0;72;3891;4006
Salvatierra de Esca;231;90;3262;90;3494;3494
Siétamo;1848;544;0;544;1848;6806
Torrijo de la Cañada;1508;72;336;72;1844;1844
Fuentespalda / Fontdespatla;559;136;0;136;559;4663
Villarroya de la Sierra;2047;95;1015;95;3062;3062
Abizanda;1184;224;0;224;1184;1632
Pozuel del Campo;2376;119;0;119;2376;2601
Gúdar;690;333;0;333;690;2787
La Iglesuela del Cid;1288;99;0;99;1288;6265
Lagata;264;25;0;25;264;1714
Lanzuela;924;9;0;9;924;924
Tierga;504;103;0;103;504;2145
La Ginebrosa;1204;136;0;136;1204;2952
Castiello de Jaca;1452;240;34;240;1485;5273
Loporzano;1732;3124;0;3124;1732;7710
Valacloche;585;7;0;7;585;585
Tobed;1147;25;0;25;1147;1147
Tarazona;23445;727;22;727;23468;36762
Escatrón;12854;163;113;163;12966;13726
Vivel del Río Martín;2574;98;0;98;2574;2574
Fortanete;3175;111;0;111;3175;3175
Rubielos de la Cérida;2903;31;0;31;2903;2903
Daroca;4043;551;556;551;4600;14834
Castelflorite;630;56;0;56;630;1564
Moros;4786;91;0;91;4786;4786
Abanto;2209;72;0;72;2209;2209
Barrachina;511;58;0;58;511;1535
Pinseque;7168;462;0;462;7168;22225
Burbáguena;3056;148;0;148;3056;4025
Aínsa-Sobrarbe;5396;2271;207;2271;5603;12988
Lobera de Onsella;689;19;0;19;689;689
Ansó;507;558;0;558;507;2685
La Puebla de Castro;2225;147;216;147;2441;3431
Alcampell;315;135;0;135;315;5982
Secastilla;1745;109;749;109;2494;2494
Alpartir;2930;130;0;130;2930;3724
Tramacastilla;0;26;0;26;0;279
Cascante del Río;1268;14;0;14;1268;1268
Cuevas de Almudén;1829;34;0;34;1829;1829
Angüés;1797;727;0;727;1797;5179
Lidón;2286;33;0;33;2286;2286
Azanuy-Alins;1910;118;0;118;1910;3164
Cañizar del Olivar;1673;65;0;65;1673;2026
Jasa;225;58;0;58;225;2258
Bagüés;730;18;0;18;730;730
Caspe;11601;814;0;814;11601;39951
Alforque;685;7;0;7;685;685
Ariza;8496;405;0;405;8496;14192
Villarroya de los Pinares;1045;81;526;81;1571;2154
Bubierca;1408;128;235;128;1642;1642
Baldellou;179;22;0;22;179;603
Ardisa;0;149;0;149;0;414
Alfajarín;10115;429;1639;429;11753;21038
Villahermosa del Campo;2772;45;0;45;2772;2772
Añón de Moncayo;3341;85;0;85;3341;3341
Galve;834;128;0;128;834;2859
Torre del Compte / La Torre del Comte;0;67;0;67;0;3068
El Pobo;3213;78;0;78;3213;3213
Puertomingalvo;1592;155;0;155;1592;2989
Figueruelas;158;528;0;528;158;7661
Nueno;1237;5162;0;5162;1237;7908
Cervera de la Cañada;2331;51;0;51;2331;2331
Contamina;0;52;0;52;0;979
Terrer;853;186;146;186;999;4332
Casbas de Huesca;2719;1889;0;1889;2719;5898
Carenas;2961;89;0;89;2961;3130
Chimillas;0;630;0;630;0;2621
La Puebla de Alfindén;1933;414;837;414;2770;40476
Ferreruela de Huerva;1565;79;0;79;1565;1863
Cuevas Labradas;96;129;0;129;96;1727
Villamayor de Gállego;3359;463;120;463;3479;17166
Binéfar;6271;638;780;638;7051;28792
Villafranca del Campo;3183;163;520;163;3702;3702
Biel;2132;179;0;179;2132;4880
Castellote;8530;377;0;377;8530;12333
Hoz y Costeán;272;49;438;49;710;1768
Blecua y Torres;1533;330;0;330;1533;3228
Torre los Negros;1176;45;0;45;1176;1176
Zaragoza;144370;38199;22664;38199;167034;937214
Castejón de Sos;3199;439;0;439;3199;5245
La Zaida;5524;63;0;63;5524;5524
Salas Altas;715;49;0;49;715;4616
Fanlo;978;551;0;551;978;1682
Malanquilla;1896;40;0;40;1896;1896
Ruesca;394;65;0;65;394;1268
Sariñena;13886;874;0;874;13886;31606
Monesma y Cajigar;166;58;0;58;166;561
Foradada del Toscar;1018;280;0;280;1018;1018
Murillo de Gállego;2036;278;0;278;2036;4536
Libros;330;39;0;39;330;1238
La Portellada;391;329;102;329;493;2434
Valderrobres / Vall de Roures;3839;451;240;451;4079;11791
Villel;1273;68;0;68;1273;1981
Trasobares;2482;101;0;101;2482;3432
Bijuesca;637;47;0;47;637;637
Fago;73;104;0;104;73;1028
Tamarite de Litera;3186;510;0;510;3186;9102
Sobradiel;2786;217;0;217;2786;4654
Ballobar;1576;256;0;256;1576;5979
Jorcas;1461;18;0;18;1461;1461
Cella;5610;431;0;431;5610;19642
Chodes;1943;73;0;73;1943;2055
Los Olmos;2377;78;0;78;2377;2377
Alfambra;4535;151;0;151;4535;5753
Calatorao;9151;412;402;412;9553;16223
Olvena;985;86;0;86;985;1038
Lechón;717;70;0;70;717;717
Monteagudo del Castillo;3448;142;0;142;3448;3448
Bueña;1650;65;0;65;1650;1756
Broto;4519;1615;302;1615;4821;9754
Ainzón;8471;92;0;92;8471;8471
Foz-Calanda;2123;41;0;41;2123;2123
Mianos;407;54;0;54;407;407
Fonz;4604;338;873;338;5477;12695
Villalengua;3966;43;0;43;3966;3966
Mosqueruela;1572;514;0;514;1572;6977
Aranda de Moncayo;2278;50;0;50;2278;2278
Maella;701;230;884;230;1585;9194
Arguis;296;2359;0;2359;296;3342
Mara;2837;70;0;70;2837;2837
Aguaviva;6401;103;0;103;6401;6401
Santed;711;63;0;63;711;711
Almohaja;1052;28;0;28;1052;1052
Belmonte de Gracián;1598;100;194;100;1791;1791
Montalbán;4718;173;0;173;4718;10152
Capdesaso;3348;28;0;28;3348;3348
Laluenga;1619;53;0;53;1619;3370
Almuniente;4682;262;0;262;4682;6853
Villar del Cobo;856;46;0;46;856;2554
Boquiñeni;4801;204;0;204;4801;5445
Huesa del Común;778;76;598;76;1376;1376
Naval;286;89;0;89;286;286
Villastar;2980;57;0;57;2980;3172
Escorihuela;1902;10;0;10;1902;1902
Cedrillas;5522;597;0;597;5522;6052
Nogueruelas;3885;126;0;126;3885;3885
Agón;1572;59;0;59;1572;1572
Valle de Lierp;399;167;0;167;399;399
Torrellas;2769;26;0;26;2769;2769
Argavieso;1681;67;0;67;1681;1681
Alcubierre;793;157;0;157;793;4667
Barbuñales;480;43;0;43;480;2464
Rubiales;950;47;0;47;950;950
Oliete;1239;86;2147;86;3385;4230
El Burgo de Ebro;12651;452;106;452;12757;29384
Ilche;4079;140;0;140;4079;4640
Torralba de los Sisones;2368;87;0;87;2368;2368
Ejulve;1836;147;0;147;1836;2131
Camporrells;238;25;0;25;238;238
El Castellar;1216;176;0;176;1216;1216
Bádenas;913;22;0;22;913;913
Luceni;0;284;0;284;0;6916
Torre de las Arcas;1310;22;0;22;1310;1310
Valdecuenca;1091;134;0;134;1091;1091
Sarrión;7631;630;0;630;7631;15672
Moscardón;1528;22;0;22;1528;1528
Berbegal;729;179;0;179;729;2955
San Martín de la Virgen de Moncayo;3899;44;0;44;3899;4310
Aguatón;890;84;0;84;890;890
Calamocha;15746;1332;37;1332;15783;40050
Alcorisa;8078;406;101;406;8179;16813
San Agustín;1813;156;0;156;1813;1999
Castejón del Puente;6473;65;0;65;6473;6473
Torrecilla del Rebollar;4228;59;0;59;4228;4228
Arén;1510;166;0;166;1510;2823
Valdehorna;825;11;0;11;825;825
Moneva;1461;40;0;40;1461;1461
Mesones de Isuela;1705;48;0;48;1705;2368
Acered;1360;94;702;94;2062;2062
Velilla de Cinca;1471;54;140;54;1610;4240
Orcajo;32;37;0;37;32;1153
Castillonroy;2516;225;0;225;2516;2581
Nonaspe;71;221;205;221;276;7841
Perdiguera;1504;185;0;185;1504;6146
Samper de Calanda;6802;114;0;114;6802;6802
Cañada de Benatanduz;0;75;1615;75;1615;1615
La Zoma;105;41;0;41;105;559
Lupiñén-Ortilla;2310;807;0;807;2310;6085
El Grado;2590;389;356;389;2946;4534
Used;4067;101;0;101;4067;4067
Alfántega;781;35;289;35;1070;2380
Villarquemado;10785;144;0;144;10785;10785
Saldón;699;16;0;16;699;699
Piracés;0;245;0;245;0;918
Palomar de Arroyos;2155;78;0;78;2155;2504
Aladrén;1269;22;0;22;1269;1269
Salillas de Jalón;4238;31;0;31;4238;4238
Ibieca;1187;107;0;107;1187;1187
La Vilueña;2491;23;0;23;2491;2491
Alberuela de Tubo;3978;45;0;45;3978;3978
Azaila;2757;123;0;123;2757;2757
Vierlas;1017;15;0;15;1017;1017
Botorrita;2442;147;0;147;2442;6765
Pueyo de Santa Cruz;992;40;79;40;1071;3053
Sos del Rey Católico;3957;998;0;998;3957;9842
Cantavieja;3167;133;1331;133;4498;4498
Clarés de Ribota;216;12;0;12;216;216
Sabiñán;1065;100;0;100;1065;5815
Chía;1148;54;0;54;1148;1497
María de Huerva;2565;569;64;569;2629;17806
Antillón;147;220;0;220;147;1300
Castejón de Tornos;1918;44;0;44;1918;1918
Villanueva de Sigena;1771;296;0;296;1771;5509
San Esteban de Litera;2220;118;885;118;3104;5377
Alagón;2658;856;368;856;3026;24001
Navardún;1850;17;0;17;1850;1850
Alcalá de Moncayo;1538;55;0;55;1538;1538
Pozán de Vero;1852;75;0;75;1852;1852
Illueca;3016;124;0;124;3016;9671
Chalamera;2939;46;0;46;2939;2939
Ayerbe;63;976;125;976;188;7112
Calcena;2133;69;0;69;2133;2133
Alcalá de la Selva;14304;1043;0;1043;14304;15869
Poleñino;0;46;0;46;0;2985
Lucena de Jalón;4114;48;0;48;4114;4570
Josa;3124;37;0;37;3124;3124
Mezalocha;927;63;0;63;927;2863
Albero Bajo;524;261;0;261;524;2828
Piedratajada;1533;23;0;23;1533;1533
Villarluengo;2559;166;0;166;2559;2559
Almochuel;1274;39;0;39;1274;1330
Paracuellos de Jiloca;2386;65;0;65;2386;2386
Olvés;1004;39;169;39;1173;1173
Urrea de Gaén;515;309;0;309;515;4110
La Almolda;2733;202;0;202;2733;7449
Alcaine;407;41;0;41;407;1343
Fuentes Calientes;939;151;0;151;939;3035
Badules;1968;36;0;36;1968;1968
Novales;0;175;0;175;0;2093
Murero;201;35;0;35;201;428
Huesca;2026;28876;302;28876;2328;87531
Canfranc;1270;453;0;453;1270;3955
Puente de Montañana;359;89;0;89;359;359
Longares;4880;184;0;184;4880;5304
Monforte de Moyuela;194;243;0;243;194;1853
Bea;285;3;0;3;285;285
Muniesa;1863;196;0;196;1863;9663
Luesia;3875;106;353;106;4228;4228
Bielsa;2054;667;0;667;2054;4149
Perarrúa;855;145;0;145;855;1992
Albentosa;1964;545;0;545;1964;3482
Aldehuela de Liestos;1563;60;0;60;1563;1563
Barbastro;10491;1614;0;1614;10491;61670
La Fueva;4382;829;256;829;4638;7007
Royuela;5817;276;0;276;5817;6073
Montón;1356;52;0;52;1356;1356
Alba;2515;73;0;73;2515;2515
Jarque de la Val;2551;37;0;37;2551;2551
Abiego;219;258;0;258;219;2985
Allueva;535;13;0;13;535;535
Albalatillo;3008;94;0;94;3008;3008
Codos;2028;17;0;17;2028;2028
Lledó;0;231;0;231;0;1504
Camañas;375;82;0;82;375;1929
Cabañas de Ebro;235;967;0;967;235;3952
San Miguel del Cinca;3331;178;390;178;3722;8134
